{"cameraMode":{"drawMode":0,"name":"Shaded","section":"Shading Mode"},"sceneLighting":true,"audioPlay":false,"sceneViewState":{"m_AlwaysRefresh":false,"showFog":true,"showSkybox":true,"showFlares":true,"showImageEffects":true,"showParticleSystems":true,"showVisualEffectGraphs":true,"m_FxEnabled":true},"in2DMode":false,"pivot":{"x":-1.0691802501678467,"y":2.266190528869629,"z":-0.7089806199073792},"rotation":{"x":0.7511945962905884,"y":-0.01819026842713356,"z":0.020761752501130105,"w":0.6596434116363525},"size":1.6177912950515748,"orthographic":true}